Analyte,Linear Interval,Linear Interval with Error,Unit
Lp(a), 13.85 - 322.35 nmol/L, -129.84 - 364.92 nmol/L,nmol/L
Lp(a), 13.85 - 322.35 nmol/L, -129.84 - 364.92 nmol/L,nmol/L
Lp(a), 13.85 - 322.35 nmol/L, -129.84 - 364.92 nmol/L,nmol/L
Lp(a), 13.85 - 322.35 nmol/L, -129.84 - 364.92 nmol/L,nmol/L
Lp(a), 13.85 - 322.35 nmol/L, -129.84 - 364.92 nmol/L,nmol/L
Lp(a), 13.85 - 322.35 nmol/L, -129.84 - 364.92 nmol/L,nmol/L
Lp(a), 13.85 - 322.35 nmol/L, -129.84 - 364.92 nmol/L,nmol/L
Lp(a), 13.85 - 322.35 nmol/L, -129.84 - 364.92 nmol/L,nmol/L
Lp(a), 13.85 - 322.35 nmol/L,nmol/L
Lp(a), 13.85 - 322.35 nmol/L,nmol/L
Lp(a), 13.85 - 322.35 nmol/L,nmol/L
