Analyte,N,Slope,y-Intercept,Pearson's r,Median Bias,% Bias,Unit
Nt-proBNP,40,0.9921,49.0752,0.9929,22.55,2.5364,ng/L
Nt-proBNP,40,0.9921,49.0752,0.9929,22.55,2.5364,ng/L
Digoxin,25,0.9565,0.0318,0.9972,-0.028,-2.1598,nmol/L
Digoxin,25,0.9565,0.0318,0.9972,-0.028,-2.1598,d
Digoxin,25,0.9565,0.0318,0.9972,-0.028,-2.1598,u/n
Digoxin,25,0.9565,0.0318,0.9972,-0.028,-2.1598,nmol/L
Digoxin,25,0.9565,0.0318,0.9972,-0.028,-2.1598,nmol/L
dfs,25,0.9565,0.0318,0.9972,-0.028,-2.1598,df
Digoxin,25,0.9565,0.0318,0.9972,-0.028,-2.1598,nmol/L
Dixogin,25,0.9565,0.0318,0.9972,-0.028,-2.1598,fd
Digoxin,25,0.9565,0.0318,0.9972,-0.028,-2.1598,nmol/L
Digoxin,25,0.9565,0.0318,0.9972,-0.028,-2.1598,nmol/L
Digoxin,25,0.9565,0.0318,0.9972,-0.028,-2.1598,nmol/L
Dig,25,0.9565,0.0318,0.9972,-0.028,-2.1598,nmol/L
Digoxin,25,0.9565,0.0318,0.9972,-0.028,-2.1598,nmol/L
Digoxin,25,0.9565,0.0318,0.9972,-0.028,-2.1598,nmol/L
Digoxin,25,0.9565,0.0318,0.9972,-0.028,-2.1598,nmol/L
Glucose,25,0.9565,0.0318,0.9972,-0.028,-2.1598,mg/dL
Glucose,25,0.9565,0.0318,0.9972,-0.028,-2.1598,mg/dL
Glucose,25,0.9565,0.0318,0.9972,-0.028,-2.1598,mg/dL
Glucose,25,0.9565,0.0318,0.9972,-0.028,-2.1598,nmol/L
Glucose,25,0.9565,0.0318,0.9972,-0.028,-2.1598,nmol/L
Glucose,25,0.9565,0.0318,0.9972,-0.028,-2.1598,nmol/L
